{"cameraMode":{"drawMode":0,"name":"Shaded","section":"Shading Mode"},"sceneLighting":true,"audioPlay":false,"sceneViewState":{"showFog":true,"showMaterialUpdate":false,"showSkybox":true,"showFlares":true,"showImageEffects":true,"showParticleSystems":true},"in2DMode":false,"pivot":{"x":17.910627365112306,"y":1.4495258331298829,"z":24.66367530822754},"rotation":{"x":0.0039019794203341009,"y":0.9881733059883118,"z":-0.02551012486219406,"w":0.15116848051548005},"size":3.919649362564087,"orthographic":false}